method_key,method,num_workers,config_path,output_dir,checkpoint,checkpoint_label,eval_episodes,deterministic,mean_return,median_return,q25_return,q75_return,std_return,mean_length,fall_rate,mean_ctrl_reward,robust_trimmed_mean,robust_median,robust_q_low,robust_q_high,robust_mean,robust_std,robust_robust_score,robust_fall_rate,robust_mean_length,robust_mean_ctrl_reward,robust_hill_tail_index
baseline,Baseline PPO,1,configs/baseline_ppo.yaml,outputs/baseline_humanoid_v5,outputs/baseline_humanoid_v5/checkpoints/final.pt,final,5,True,353.4876419433986,357.0763076179981,342.8016913577768,362.5636182123675,9.1321872556058,66.2,1.0,-0.1379918550205452,354.14720572938086,357.0763076179981,342.8016913577768,362.5636182123675,353.4876419433986,9.1321872556058,21.33984516677583,1.0,66.2,-0.1379918550205452,
average,Naive Average PPO,4,configs/population_average.yaml,outputs/average_population_humanoid_v5,outputs/average_population_humanoid_v5/checkpoints/final_average.pt,final_average,5,True,6659.205068653695,6648.6847255903385,6629.00239759946,6692.785078233448,37.09585352102748,1000.0,0.0,-0.2309946438995255,6656.824067141082,6648.6847255903385,6629.00239759946,6692.785078233448,6659.205068653695,37.09585352102748,9953.34476039463,0.0,1000.0,-0.2309946438995255,
heavytail,Robust Heavy-Tail Cooperative PPO,4,configs/population_heavytail.yaml,outputs/heavytail_population_humanoid_v5,outputs/heavytail_population_humanoid_v5/checkpoints/final_best.pt,final_best,8,True,855.4002957377227,903.1954608226664,842.3009165786992,911.3029219457244,109.04730346691515,165.875,1.0,-0.2157360246800208,876.2106552792417,903.1954608226664,842.3009165786992,911.3029219457244,855.4002957377227,109.04730346691515,793.8986469900324,1.0,165.875,-0.2157360246800208,8.316830160679654
