Method,N,Eval episodes,Mean return,Median return,25% return,Fall rate,Robust score,Checkpoint
Naive Average PPO,4,5,6659.205068653695,6648.6847255903385,6629.00239759946,0.0,9953.34476039463,final_average
Baseline PPO,1,5,353.4876419433986,357.0763076179981,342.8016913577768,1.0,21.33984516677583,final
Robust Heavy-Tail Cooperative PPO,4,8,855.4002957377227,903.1954608226664,842.3009165786992,1.0,793.8986469900324,final_best
