num_workers,total_rounds,round_timesteps,best_robust_score,median_robust_score,mean_robust_score,num_clones_last_round
1,20,32768,234.4280171984003,234.4280171984003,234.4280171984003,0
2,20,32768,131.1049141225235,84.35077048695297,84.35077048695297,1
4,20,32768,303.6709000344591,223.33686641217287,232.94740515357307,2
8,20,32768,351.44455806806013,192.91043175588965,216.3588028253555,2
