method_key,method,algorithm,episodes,mean_return,median_return,q25_return,q75_return,std_return,mean_length,success_alive_duration,fall_rate,mean_forward_reward,mean_ctrl_reward,action_l2_norm,action_smoothness,total_env_steps,num_trained_agents_used,aggregation_method
ppo_single,Single PPO,ppo,5,5991.511464043052,6594.030553644306,6560.547863650162,6664.735500785899,1274.497356177194,905.0,905.0,0.2,2.1662144040121296,-0.23753632489409063,1.5399726781345549,0.13980486266191977,14999552,1,mean
ppo_average_k2_mean,PPO Action Average K=2,ppo,5,755.7744348684956,766.8891065848657,703.2130854359053,837.1813991576053,87.19194526727115,132.2,132.2,1.0,1.064621178347068,-0.10357054019660997,1.0069312730548219,0.040273452743725215,9994240,2,mean
ppo_average_k3_mean,PPO Action Average K=3,ppo,5,624.850822673701,607.6388964275901,545.7329551150756,685.8475785781671,148.8046084881117,107.4,107.4,1.0,1.1363709370720616,-0.07099848272105228,0.8327337171306324,0.02667451045725795,14991360,3,mean
